"0","getCorrelation(meth,plot=TRUE)"
"1","         "
"1"," Control.1"
"1"," Control.2"
"1","    Tumor1"
"1","    Tumor2"
"1","
Control.1"
"1"," 1.0000000"
"1"," 0.9131654"
"1"," 0.8371150"
"1"," 0.8385037"
"1","
Control.2"
"1"," 0.9131654"
"1"," 1.0000000"
"1"," 0.8312758"
"1"," 0.8332286"
"1","
Tumor1   "
"1"," 0.8371150"
"1"," 0.8312758"
"1"," 1.0000000"
"1"," 0.8505829"
"1","
Tumor2   "
"1"," 0.8385037"
"1"," 0.8332286"
"1"," 0.8505829"
"1"," 1.0000000"
"1","
"
